	A	T	C	G	-
AAA	34495096.0	209811.0	55925.0	161833.0	765393.0
AAT	24292818.0	157709.0	100192.0	169044.0	547465.0
AAC	22197447.0	437761.0	40874.0	35304.0	715388.0
AAG	27012412.0	82546.0	11216.0	237198.0	379608.0
ATA	41024.0	12364454.0	135213.0	19195.0	863814.0
ATT	257136.0	27256427.0	538234.0	33312.0	2721531.0
ATC	231569.0	14929057.0	92591.0	53136.0	900620.0
ATG	29917.0	18542637.0	313032.0	25486.0	511777.0
ACA	36980.0	470875.0	24794611.0	32999.0	1089878.0
ACT	63947.0	616912.0	15228742.0	24001.0	902853.0
ACC	19687.0	285679.0	9987489.0	7339.0	746679.0
ACG	2875.0	136111.0	5910554.0	5041.0	106360.0
AGA	29157.0	28699.0	17561.0	28718753.0	402973.0
AGT	31313.0	32352.0	11009.0	15455029.0	216348.0
AGC	77086.0	24669.0	7688.0	11086034.0	263712.0
AGG	165775.0	33762.0	12925.0	13291775.0	972845.0
A-A	118090.0	358198.0	244382.0	139082.0	1.0
A-T	262808.0	1364323.0	297191.0	169367.0	1.0
A-C	127427.0	949423.0	429389.0	54460.0	1.0
A-G	137085.0	145480.0	103300.0	366614.0	1.0
TAA	20003016.0	178397.0	144367.0	89538.0	1698632.0
TAT	15708528.0	55348.0	48167.0	103265.0	667067.0
TAC	15137443.0	162831.0	73364.0	29338.0	1261362.0
TAG	15797664.0	71413.0	37522.0	703711.0	600085.0
TTA	279741.0	22958901.0	623410.0	47817.0	911012.0
TTT	192752.0	29777846.0	1131678.0	49791.0	1517754.0
TTC	312868.0	13849537.0	245740.0	31539.0	1281318.0
TTG	237353.0	26324413.0	265723.0	116517.0	433767.0
TCA	199765.0	286354.0	12008954.0	20709.0	1059408.0
TCT	228935.0	1576521.0	17885269.0	43587.0	3453487.0
TCC	53524.0	57954.0	9346780.0	7667.0	460961.0
TCG	27132.0	249927.0	5116942.0	22691.0	426641.0
TGA	135197.0	28046.0	24979.0	22806669.0	402313.0
TGT	136720.0	41526.0	38890.0	20642047.0	389040.0
TGC	153285.0	71877.0	16080.0	11417514.0	397931.0
TGG	598487.0	88861.0	29645.0	16905713.0	856387.0
T-A	1292875.0	329137.0	709465.0	281140.0	1.0
T-T	906445.0	385351.0	1102012.0	399022.0	1.0
T-C	411381.0	138428.0	669248.0	79506.0	1.0
T-G	628667.0	181688.0	420167.0	404888.0	1.0
CAA	24813393.0	335709.0	130013.0	119656.0	1988621.0
CAT	15233969.0	255451.0	48811.0	55997.0	1598723.0
CAC	8054140.0	514023.0	54169.0	13367.0	659081.0
CAG	12465633.0	25307.0	11796.0	155956.0	203984.0
CTA	463566.0	17179297.0	81338.0	35376.0	884999.0
CTT	293689.0	14468747.0	278590.0	27865.0	3495683.0
CTC	290814.0	9275136.0	86595.0	18131.0	798109.0
CTG	129022.0	12131509.0	20701.0	35729.0	231833.0
CCA	161955.0	116305.0	15300660.0	22755.0	351623.0
CCT	20360.0	50259.0	6697730.0	3937.0	272169.0
CCC	13301.0	25643.0	3353923.0	3386.0	53547.0
CCG	35326.0	94099.0	2968844.0	5384.0	57848.0
CGA	123863.0	46069.0	6398.0	5082364.0	166893.0
CGT	94845.0	59162.0	21198.0	6483843.0	245876.0
CGC	56221.0	29006.0	5196.0	3364268.0	154167.0
CGG	101456.0	7710.0	518.0	1829139.0	32720.0
C-A	1204201.0	822072.0	154917.0	141532.0	1.0
C-T	489463.0	1169005.0	107676.0	58743.0	1.0
C-C	226516.0	664935.0	81269.0	35410.0	1.0
C-G	422980.0	356893.0	47207.0	117492.0	1.0
GAA	24990717.0	67548.0	22559.0	64231.0	1747821.0
GAT	20481398.0	31116.0	11158.0	35672.0	255077.0
GAC	10814070.0	46843.0	9024.0	36156.0	259865.0
GAG	12710770.0	16405.0	4082.0	31541.0	299236.0
GTA	118634.0	14809738.0	118095.0	18872.0	341729.0
GTT	123548.0	15689221.0	307658.0	161393.0	2234960.0
GTC	53290.0	9611791.0	81351.0	39017.0	341277.0
GTG	67357.0	15259404.0	96834.0	24340.0	329540.0
GCA	174427.0	204696.0	10354326.0	20409.0	333134.0
GCT	117516.0	579202.0	11832936.0	53939.0	541998.0
GCC	44969.0	34576.0	4912420.0	12811.0	175601.0
GCG	2725.0	77413.0	2694371.0	2140.0	75784.0
GGA	74001.0	14791.0	10362.0	13532769.0	266920.0
GGT	68611.0	77550.0	27219.0	15516618.0	231678.0
GGC	35268.0	17948.0	4860.0	4974352.0	85786.0
GGG	66454.0	11599.0	3562.0	3428944.0	106400.0
G-A	1213977.0	305085.0	156993.0	65050.0	1.0
G-T	364949.0	884468.0	184480.0	70617.0	1.0
G-C	157140.0	302261.0	153104.0	29687.0	1.0
G-G	271618.0	144634.0	80163.0	27454.0	1.0